<?xml version='1.0' encoding='UTF-8'?>
    <DeclaracionInformativaMensualIDE xmlns:xsi='http://www.w3.org/2001/XMLSchema-instance' xsi:noNamespaceSchemaLocation='C:/SAT/ide_20080818.xsd' version='1.1' rfcDeclarante='APH010101A23' denominacion='CAJA HERENCIA RURAL'>
                <RepresentanteLegal rfc='COAL4701316S2'>
                    <Nombre>
                        <Nombres>JUAN</Nombres>
                        <PrimerApellido>CORNEJO</PrimerApellido>
                        <SegundoApellido>SUAREZ</SegundoApellido>
                    </Nombre>
                </RepresentanteLegal>
                <Normal ejercicio='2008' periodo='1'></Normal>
                <InstitucionDeCredito>
                                <ReporteDeRecaudacionYEnteroDiaria fechaDeCorte='2012-06-29'>
                                 <RegistroDeDetalle>
                                     <PersonaFisica rfc='LOSA780909UV1'>
                                         <Nombre>
                                             <Nombres>ARTURO</Nombres>
                                             <PrimerApellido>LOPEZ</PrimerApellido>
                                             <SegundoApellido>SANTOS</SegundoApellido>
                                         </Nombre>
                                          <Domicilio>
                                                 <DomicilioCompleto>ADFAD</DomicilioCompleto>
                                          </Domicilio>
                                     </PersonaFisica>
                                     <DepositoEnEfectivo montoExcedente='5000' impuestoDeterminado='150' impuestoRecaudado='150' recaudacionPendiente='0' remanentePeriodosAnteriores='0'></DepositoEnEfectivo>
                                 <ChequeDeCaja montoCheque='4000' montoRecaudado='1000'></ChequeDeCaja>
                                 </RegistroDeDetalle>
                                 <RegistroDeDetalle>
                                     <PersonaFisica rfc='GATA850302ASS'>
                                         <Nombre>
                                             <Nombres>DAVID</Nombres>
                                             <PrimerApellido>GARCIA</PrimerApellido>
                                             <SegundoApellido>TREJO</SegundoApellido>
                                         </Nombre>
                                          <Domicilio>
                                                 <DomicilioCompleto>CALLE 1</DomicilioCompleto>
                                          </Domicilio>
                                     </PersonaFisica>
                                     <DepositoEnEfectivo montoExcedente='25000' impuestoDeterminado='750' impuestoRecaudado='750' recaudacionPendiente='0' remanentePeriodosAnteriores='0'></DepositoEnEfectivo>
                                 </RegistroDeDetalle>
                                 <RegistroDeDetalle>
                                     <PersonaMoral rfc='EME701008UFE'>
                                         <Denominacion>EMPRESARIOS DEL CENTRO SA</Denominacion>
                                          <Domicilio>
                                                 <DomicilioCompleto>ADFAD</DomicilioCompleto>
                                          </Domicilio>
                                     </PersonaMoral>
                                     <DepositoEnEfectivo montoExcedente='4000' impuestoDeterminado='120' impuestoRecaudado='120' recaudacionPendiente='0' remanentePeriodosAnteriores='0'></DepositoEnEfectivo>
                                 <ChequeDeCaja montoCheque='8000' montoRecaudado='5000'></ChequeDeCaja>
                                 </RegistroDeDetalle>
                                 <RegistroDeDetalle>
                                     <PersonaFisica rfc='COTI560312AAP'>
                                         <Nombre>
                                             <Nombres>ILDA</Nombres>
                                             <PrimerApellido>CORREA</PrimerApellido>
                                             <SegundoApellido>TORRES</SegundoApellido>
                                         </Nombre>
                                          <Domicilio>
                                                 <DomicilioCompleto>CALLE 1</DomicilioCompleto>
                                          </Domicilio>
                                     </PersonaFisica>
                                     <DepositoEnEfectivo montoExcedente='1000' impuestoDeterminado='30' impuestoRecaudado='30' recaudacionPendiente='0' remanentePeriodosAnteriores='0'></DepositoEnEfectivo>
                                 </RegistroDeDetalle>
                                 <RegistroDeDetalle>
                                     <PersonaFisica rfc='JUJA010101FEE'>
                                         <Nombre>
                                             <Nombres>JAVIER</Nombres>
                                             <PrimerApellido>JUAREZ</PrimerApellido>
                                             <SegundoApellido>JIMENEZ</SegundoApellido>
                                         </Nombre>
                                          <Domicilio>
                                                 <DomicilioCompleto>CALLE 1</DomicilioCompleto>
                                          </Domicilio>
                                     </PersonaFisica>
                                     <DepositoEnEfectivo montoExcedente='30000' impuestoDeterminado='900' impuestoRecaudado='900' recaudacionPendiente='0' remanentePeriodosAnteriores='0'></DepositoEnEfectivo>
                                 </RegistroDeDetalle>
                                 <RegistroDeDetalle>
                                     <PersonaFisica rfc='MAPA600505MOU'>
                                         <Nombre>
                                             <Nombres>RAUL</Nombres>
                                             <PrimerApellido>MATIAS</PrimerApellido>
                                             <SegundoApellido>PEREA</SegundoApellido>
                                         </Nombre>
                                          <Domicilio>
                                                 <DomicilioCompleto>ADFAD</DomicilioCompleto>
                                          </Domicilio>
                                     </PersonaFisica>
                                     <DepositoEnEfectivo montoExcedente='17000' impuestoDeterminado='510' impuestoRecaudado='510' recaudacionPendiente='0' remanentePeriodosAnteriores='0'></DepositoEnEfectivo>
                                 <ChequeDeCaja montoCheque='5000' montoRecaudado='100'></ChequeDeCaja>
                                 </RegistroDeDetalle>
                                     <EnteroPropio fechaEntero='2012-06-29' impuestoEnterado='2460' noOperacion='122' nombreInstitucion='bancomer' rfcInstitucion='ban010101aaa'></EnteroPropio>
                                 </ReporteDeRecaudacionYEnteroDiaria>
                                 <Totales operacionesRelacionadas='6' importeExcedenteDepositos='82000' importeDeterminadoDepositos='2460' importeRecaudadoDepositos='2460' importePendienteRecaudacion='0' importeRemanenteDepositos='0' importeEnterado='2460' importeCheques='6100'></Totales>
                 </InstitucionDeCredito>
     </DeclaracionInformativaMensualIDE>
